+*-*-*-*-*-*-*-*-*-*-*-*-*-*-*-*-*-*-*-*-*-*-*-*-*-*-*-*-*-*-*-*-*-*-*-*-*-*-*-*-*-*-*-*-*-*-*-*-*-*-*-*-*-*-*-*-*-*-*-*-+
| IOCs Event ID: 216401
"| Info: Akira Ransomware Campaign - Windows, VMware ESXi, and Megazord Variants"
| Reference: https://172.19.111.72/events/view/216401
+*-*-*-*-*-*-*-*-*-*-*-*-*-*-*-*-*-*-*-*-*-*-*-*-*-*-*-*-*-*-*-*-*-*-*-*-*-*-*-*-*-*-*-*-*-*-*-*-*-*-*-*-*-*-*-*-*-*-*-*-+

Date,Category,Type,Value,Comment
2024-09-09,Payload delivery,filename,w.exe,
2024-09-09,Payload delivery,sha256,d2fd0654710c27dcf37b6c1437880020824e161dd0bf28e3a133ed777242a0ca,
2024-09-09,Payload delivery,filename,Win.exe,
2024-09-09,Payload delivery,sha256,dcfa2800754e5722acf94987bb03e814edcb9acebda37df6da1987bf48e5b05e,
2024-09-09,Payload delivery,filename,AnyDesk.exe,
2024-09-09,Payload delivery,sha256,bc747e3bf7b6e02c09f3d18bdd0e64eef62b940b2f16c9c72e647eec85cf0138,
2024-09-09,Payload delivery,filename,Gcapi.dll,
2024-09-09,Payload delivery,sha256,73170761d6776c0debacfbbc61b6988cb8270a20174bf5c049768a264bb8ffaf,
2024-09-09,Payload delivery,filename,Sysmon.exe,
2024-09-09,Payload delivery,sha256,1b60097bf1ccb15a952e5bcc3522cf5c162da68c381a76abc2d5985659e4d386,
2024-09-09,Payload delivery,filename,Config.yml,
2024-09-09,Payload delivery,filename,Rclone.exe,
2024-09-09,Payload delivery,sha256,aaa647327ba5b855bedea8e889b3fafdc05a6ca75d1cfd98869432006d6fecc9,
2024-09-09,Payload delivery,filename,Winscp.rnd,
2024-09-09,Payload delivery,sha256,7d6959bb7a9482e1caa83b16ee01103d982d47c70c72fdd03708e2b7f4c552c4,
2024-09-09,Payload delivery,filename,WinSCP-6.1.2-Setup.exe,
2024-09-09,Payload delivery,sha256,36cc31f0ab65b745f25c7e785df9e72d1c8919d35a1d7bd4ce8050c8c068b13c,
2024-09-09,Payload delivery,sha256,3298d203c2acb68c474e5fdad8379181890b4403d6491c523c13730129be3f75,
2024-09-09,Payload delivery,sha256,0ee1d284ed663073872012c7bde7fac5ca1121403f1a5d2d5411317df282796c,
2024-09-09,Payload delivery,sha256,ffd9f58e5fe8502249c67cad0123ceeeaa6e9f69b4ec9f9e21511809849eb8fc,
2024-09-09,Payload delivery,sha256,dfe6fddc67bdc93b9947430b966da2877fda094edf3e21e6f0ba98a84bc53198,
2024-09-09,Payload delivery,sha256,131da83b521f610819141d5c740313ce46578374abb22ef504a7593955a65f07,
2024-09-09,Payload delivery,sha256,9f393516edf6b8e011df6ee991758480c5b99a0efbfd68347786061f0e04426c,
2024-09-09,Payload delivery,sha256,9585af44c3ff8fd921c713680b0c2b3bbc9d56add848ed62164f7c9b9f23d065,
2024-09-09,Payload delivery,sha256,2f629395fdfa11e713ea8bf11d40f6f240acf2f5fcf9a2ac50b6f7fbc7521c83,
2024-09-09,Payload delivery,sha256,7f731cc11f8e4d249142e99a44b9da7a48505ce32c4ee4881041beeddb3760be,
2024-09-09,Payload delivery,sha256,95477703e789e6182096a09bc98853e0a70b680a4f19fa2bf86cbb9280e8ec5a,
2024-09-09,Payload delivery,sha256,0c0e0f9b09b80d87ebc88e2870907b6cacb4cd7703584baf8f2be1fd9438696d,
2024-09-09,Payload delivery,sha256,c9c94ac5e1991a7db42c7973e328fceeb6f163d9f644031bdfd4123c7b3898b0,
2024-09-09,Payload delivery,filename,VeeamHax.exe,
2024-09-09,Payload delivery,sha256,aaa6041912a6ba3cf167ecdb90a434a62feaf08639c59705847706b9f492015d,
2024-09-09,Payload delivery,filename,Veeam-Get-Creds.ps1,
2024-09-09,Payload delivery,sha256,18051333e658c4816ff3576a2e9d97fe2a1196ac0ea5ed9ba386c46defafdb88,
2024-09-09,Payload delivery,sha256,5e1e3bf6999126ae4aa52146280fdb913912632e8bac4f54e98c58821a307d32,
2024-09-09,Payload delivery,filename,sshd.exe,
2024-09-09,Payload delivery,sha256,8317ff6416af8ab6eb35df3529689671a700fdb61a5e6436f4d6ea8ee002d694,
2024-09-09,Payload delivery,filename,ipscan-3.9.1-setup.exe,
2024-09-09,Payload delivery,sha256,892405573aa34dfc49b37e4c35b655543e88ec1c5e8ffb27ab8d1bbf90fc6ae0,
2024-09-09,Payload delivery,filename,winrar-x64-623.exe,
2024-09-09,Payload delivery,md5,7a647af3c112ad805296a22b2a276e7c,
2024-09-09,Payload delivery,sha256,0b5b31af5956158bfbd14f6cbf4f1bca23c5d16a40dbf3758f3289146c565f43,
2024-09-09,Payload delivery,sha256,0d700ca5f6cc093de4abba9410480ee7a8870d5e8fe86c9ce103eec3872f225f,
2024-09-09,Payload delivery,sha256,a2df5477cf924bd41241a3326060cc2f913aff2379858b148ddec455e4da67bc,
2024-09-09,Payload delivery,sha256,03aa12ac2884251aa24bf0ccd854047de403591a8537e6aba19e822807e06a45,
2024-09-09,Payload delivery,sha256,2e88e55cc8ee364bf90e7a51671366efb3dac3e9468005b044164ba0f1624422,
2024-09-09,Payload delivery,sha256,40221e1c2e0c09bc6104548ee847b6ec790413d6ece06ad675fff87e5b8dc1d5,
2024-09-09,Payload delivery,sha256,5ea65e2bb9d245913ad69ce90e3bd9647eb16d992301145372565486c77568a2,
2024-09-09,Payload delivery,sha256,643061ac0b51f8c77f2ed202dc91afb9879f796ddd974489209d45f84f644562,
2024-09-09,Payload delivery,sha256,6f9d50bab16b2532f4683eeb76bd25449d83bdd6c85bf0b05f716a4b49584f84,
2024-09-09,Payload delivery,sha256,fef09b0aa37cbdb6a8f60a6bd8b473a7e5bffdc7fd2e952444f781574abccf64,
2024-09-09,Payload delivery,sha256,e1321a4b2b104f31aceaf4b19c5559e40ba35b73a754d3ae13d8e90c53146c0f,
2024-09-09,Payload delivery,sha256,74f497088b49b745e6377b32ed5d9dfaef3c84c7c0bb50fabf30363ad2e0bfb1,
2024-09-09,Payload delivery,sha256,3d2b58ef6df743ce58669d7387ff94740ceb0122c4fc1c4ffd81af00e72e60a4,
2024-09-09,Payload delivery,filename,rundll32.exe,
2024-09-09,Payload delivery,filename,%WINDIR%\System32\comsvcs.dll,
2024-09-09,Payload delivery,filename,lsass).Id,
2024-09-09,Payload delivery,filename,%WINDIR%\temp\lsass.dmp,
2024-09-09,Payload delivery,filename,cmd.exe,
2024-09-09,Payload delivery,filename,esentutl.exe,
2024-09-09,Payload delivery,filename,default-release\key4.db,
2024-09-09,Persistence mechanism,regkey,Data\Default\Login,
2024-09-09,Payload delivery,filename,powershell.exe,
2024-09-09,Payload delivery,filename,%APPDATA%\Mozilla\Firefox\Profiles\<firefox_profile_id>.default-release\key4.db,
