+*-*-*-*-*-*-*-*-*-*-*-*-*-*-*-*-*-*-*-*-*-*-*-*-*-*-*-*-*-*-*-*-*-*-*-*-*-*-*-*-*-*-*-*-*-*-*-*-*-*-*-*-*-*-*-*-*-*-*-*-+
| IOCs Event ID: 216384
| Info: CryptoLocker Ransomware Attack
| Reference: https://172.19.111.72/events/view/216384
+*-*-*-*-*-*-*-*-*-*-*-*-*-*-*-*-*-*-*-*-*-*-*-*-*-*-*-*-*-*-*-*-*-*-*-*-*-*-*-*-*-*-*-*-*-*-*-*-*-*-*-*-*-*-*-*-*-*-*-*-+

Date,Category,Type,Value,Comment
2024-09-09,Network activity,domain,qwlpubwopsyj.org,
2024-09-09,Network activity,domain,sypdwysctilgr.net,
2024-09-09,Network activity,domain,txeuntcemcwj.biz,
2024-09-09,Network activity,domain,qqkoluhwexlr.biz,
2024-09-09,Network activity,domain,xeogrhxquuubt.com,
2024-09-09,Network activity,domain,qaaepodedahnslq.org,
2024-09-09,Network activity,domain,vbitnxdgsiwg.biz,
2024-09-09,Network activity,domain,sbfuwsxasjkp.net,
2024-09-09,Network activity,domain,afmkdchedjkcai.org,
2024-09-09,Network activity,domain,jxjyndpaoofctm.com,
2024-09-09,Network activity,domain,ueymssvirqnwqqs.net,
2024-09-09,Network activity,domain,wojscmlfgvhw.net,
2024-09-09,Network activity,domain,dakpicuylsrfcl.biz,
2024-09-09,Network activity,domain,nuafhowbvpmgbn.net,
2024-09-09,Network activity,domain,uoerpkaffwnds.org,
2024-09-09,Network activity,domain,aycysyspcpvwgtw.biz,
2024-09-09,Network activity,domain,qhqmhxuhapgkaq.biz,
2024-09-09,Network activity,domain,wnoctmckyrtbou.org,
2024-09-09,Network activity,domain,pahwvolnihur.biz,
2024-09-09,Network activity,domain,rtqajjkivmltosy.org,
2024-09-09,Network activity,domain,jyyfmnefedjogsh.biz,
2024-09-09,Network activity,domain,qjtwguxajaqqhu.org,
2024-09-09,Network activity,domain,lrexdcwwpyny.biz,
2024-09-09,Network activity,domain,nnpiceisyfgiprh.org,
2024-09-09,Network activity,domain,xtagmlgwrrqsto.biz,
2024-09-09,Network activity,domain,fyflgkbdydnf.biz,
2024-09-09,Network activity,domain,jebounnlykpt.org,
2024-09-09,Network activity,domain,dookhuvnmgamvgr.net,
2024-09-09,Network activity,domain,vahroshwfnih.org,
2024-09-09,Network activity,domain,rcoxshllfoldxie.org,
2024-09-09,Network activity,domain,kdsdsapurvgf.biz,
2024-09-09,Network activity,domain,phiiykytxrlfjx.info,
2024-09-09,Network activity,domain,ubnxaasfigrbhj.biz,
2024-09-09,Network activity,domain,lwxmytwfuwuk.net,
2024-09-09,Network activity,domain,hefjkoscpbof.org,
2024-09-09,Network activity,domain,wypqdsmpfvuq.org,
2024-09-09,Network activity,domain,kermcmfomqdnaw.biz,
2024-09-09,Network activity,domain,fukpbxfgejfllr.biz,
2024-09-09,Network activity,domain,jvpopwqdmhahho.info,
2024-09-09,Network activity,domain,fsihpjionkbb.net,
2024-09-09,Network activity,domain,lcvvmgpdfbty.biz,
2024-09-09,Network activity,domain,ewkovrirsprw.org,
2024-09-09,Network activity,domain,bkfekyhvftxkwd.biz,
2024-09-09,Network activity,domain,nxosmtaifwud.org,
2024-09-09,Network activity,domain,emrsmpipfrtu.biz,
2024-09-09,Network activity,domain,qdbvwfnyurewx.com,
2024-09-09,Network activity,domain,gaeaglgxkkws.biz,
2024-09-09,Network activity,domain,jpkpiichjjdm.org,
2024-09-09,Network activity,domain,cmjbewheycxmr.net,
2024-09-09,Network activity,domain,rvkpjfyxpsocbsn.org,
2024-09-09,Network activity,domain,pwssoabbqtfs.net,
2024-09-09,Network activity,domain,flavquyaoisq.info,
2024-09-09,Network activity,domain,inveinqskeriapb.biz,
2024-09-09,Network activity,domain,yoifiwpqreitpus.com,
2024-09-09,Network activity,domain,vmkstanptubqm.net,
2024-09-09,Network activity,domain,gkmlecoeshjxd.net,
2024-09-09,Network activity,domain,gawpiclfrmnkb.org,
2024-09-09,Network activity,domain,vvpbfbqpnaqq.net,
2024-09-09,Network activity,domain,voafsbnewuxl.org,
2024-09-09,Network activity,domain,tsgmgrofgsbqtuw.com,
2024-09-09,Network activity,domain,myourlqubgdxles.org,
2024-09-09,Network activity,domain,oxwqodvowcgr.biz,
2024-09-09,Network activity,domain,suanecwngxhufr.biz,
2024-09-09,Network activity,domain,axugjsdemnjuso.org,
2024-09-09,Network activity,domain,klnvbfainjtibmn.org,
2024-09-09,Network activity,domain,oamurnwjrrap.net,
2024-09-09,Network activity,domain,ueygwkeaamxvpc.com,
2024-09-09,Network activity,domain,ybmdqshtbarpvxx.net,
2024-09-09,Network activity,domain,jnnkdjixngmjtrk.org,
2024-09-09,Network activity,domain,mydqpbcaqlppiqn.biz,
2024-09-09,Network activity,domain,gykcghilthjy.com,
2024-09-09,Network activity,domain,rntkondhjwybkja.com,
2024-09-09,Network activity,domain,fycuscwcjmaqkl.org,
2024-09-09,Network activity,domain,uobuwcfaoerojos.net,
2024-09-09,Network activity,domain,odxrjkgnahebp.biz,
2024-09-09,Network activity,domain,udvdjsdnmnisj.biz,
2024-09-09,Network activity,domain,afuxiuwttqpk.net,
2024-09-09,Network activity,domain,kdcvlslmyurory.biz,
2024-09-09,Network activity,domain,gktibioivpqbot.net,
2024-09-09,Network activity,domain,vccpdadcaygc.biz,
2024-09-09,Network activity,domain,dywpplmanlmsu.org,
2024-09-09,Network activity,domain,rwyngtbvunfpk.org,
2024-09-09,Network activity,domain,vaategmcgbpimoa.net,
2024-09-09,Network activity,domain,cjlvuuhphnwbr.info,
2024-09-09,Network activity,domain,wshufkvuruwxsua.com,
2024-09-09,Network activity,domain,qvvmhsxxidvjmil.biz,
2024-09-09,Network activity,domain,jcxyensduaeed.info,
2024-09-09,Network activity,domain,ypvcyhohthmmm.info,
2024-09-09,Network activity,domain,oobdujltidljprw.com,
2024-09-09,Network activity,domain,ejelwtqlibhdof.org,
2024-09-09,Network activity,domain,dfvoglnegikqvk.org,
2024-09-09,Network activity,domain,qtcexpbgcusfp.com,
2024-09-09,Network activity,domain,bhxytqseirfat.net,
2024-09-09,Network activity,domain,pksjdseiarkf.net,
2024-09-09,Network activity,domain,ldtbbqvouqnn.com,
2024-09-09,Network activity,domain,clpgukoesqcuvp.biz,
2024-09-09,Network activity,domain,utjpwmskhwqk.com,
2024-09-09,Network activity,domain,impkyvkcbfps.info,
2024-09-09,Network activity,domain,mcbksstivjvn.org,
2024-09-09,Network activity,domain,ovenbdjnihhdlb.net,
2024-09-09,Network activity,domain,ctexrkpwsdnepo.org,
2024-09-09,Network activity,domain,vhohfvimhpsqn.info,
2024-09-09,Network activity,domain,qikshmnujoitxe.com,
2024-09-09,Network activity,domain,lsjpkatguitaohx.biz,
2024-09-09,Network activity,domain,fefanfdwdpeevoe.info,
2024-09-09,Network activity,domain,ciecxcsbdldwx.net,
2024-09-09,Network activity,domain,pbxksllrmivxhjc.org,
2024-09-09,Network activity,domain,cfuwtrfmyinvuo.org,
2024-09-09,Network activity,domain,sptqapwrwcpclts.org,
2024-09-09,Network activity,domain,qntptjfabhra.biz,
2024-09-09,Network activity,domain,uoqkpgiygtmgi.net,
2024-09-09,Network activity,domain,shryjqiaceibck.biz,
2024-09-09,Network activity,domain,iimkdpysckqmot.org,
2024-09-09,Network activity,domain,dmvhawouahhfsmj.org,
2024-09-09,Network activity,domain,ariqhgoxrewhr.biz,
2024-09-09,Network activity,domain,ofcxlybtofglm.org,
2024-09-09,Network activity,domain,kwajtnjddqetolh.biz,
2024-09-09,Network activity,domain,wifgslrwgvxwsy.com,
2024-09-09,Network activity,domain,uvpevldfpfhoipn.info,
2024-09-09,Network activity,domain,ywculygjuxhxtsh.net,
2024-09-09,Network activity,domain,byoluqqhvjsbnqa.org,
2024-09-09,Network activity,domain,dilkqddvhstlnwe.net,
2024-09-09,Network activity,domain,tyqhngggjijlpxh.info,
2024-09-09,Network activity,domain,qgugwncykxuuiid.info,
2024-09-09,Network activity,domain,xvaxsxbptmerjb.com,
2024-09-09,Network activity,domain,wikjpwxhskgoc.ru,
2024-09-09,Network activity,domain,tlsylihoxxmvc.org,
2024-09-09,Network activity,domain,tbmeoaosvbwe.biz,
2024-09-09,Network activity,domain,vqojwwmocssqa.org,
2024-09-09,Network activity,domain,lwvpgiabehxt.org,
2024-09-09,Network activity,domain,stmdjbsbhojxp.net,
2024-09-09,Network activity,domain,prwxcrswstle.org,
2024-09-09,Network activity,domain,cutwdfsdcbfco.biz,
2024-09-09,Network activity,domain,xqmrainncxrwho.net,
2024-09-09,Network activity,domain,pasnepjktwbcmwo.org,
2024-09-09,Network activity,domain,tquttkwcuemnpp.org,
2024-09-09,Network activity,domain,qhanpujcdytu.biz,
2024-09-09,Network activity,domain,mteyowfgnrbhgnm.org,
2024-09-09,Network activity,domain,quykengjhtob.biz,
2024-09-09,Network activity,domain,wbwcajwlqksl.org,
2024-09-09,Network activity,domain,dltlqtwlioauuj.biz,
2024-09-09,Network activity,domain,axxehlphcdss.org,
2024-09-09,Network activity,domain,lhkbianumwfs.biz,
2024-09-09,Network activity,domain,kqnvwyqyqqmkab.biz,
2024-09-09,Network activity,domain,nqktirfigqfyow.org,
2024-09-09,Network activity,domain,hwuiingqeuubi.org,
2024-09-09,Network activity,domain,dclffueprfhkgf.biz,
2024-09-09,Network activity,domain,gtdipovkdxricgl.biz,
2024-09-09,Network activity,domain,boexeicnsbbxbg.org,
2024-09-09,Network activity,domain,fksuksvrqqdetlp.org,
2024-09-09,Network activity,domain,qnprseyycdot.biz,
2024-09-09,Network activity,domain,vtcyrmxkkxvrick.biz,
2024-09-09,Network activity,domain,tpsjegnvxqmtk.biz,
2024-09-09,Network activity,domain,ftltwlsqhegsnav.org,
2024-09-09,Network activity,domain,pvfvmuveigjhmjc.biz,
2024-09-09,Network activity,domain,xqjafpdyjcvjwp.biz,
2024-09-09,Network activity,domain,nqygxdafeivtgb.org,
2024-09-09,Network activity,domain,hntfarwlevtcxm.org,
2024-09-09,Network activity,domain,axqrgervreovhhc.biz,
2024-09-09,Network activity,domain,tnaujeuilsia.org,
2024-09-09,Network activity,domain,vexnudbnovttaj.org,
2024-09-09,Network activity,domain,rttvxygkmwlqmq.net,
2024-09-09,Network activity,domain,jknuotworuebip.org,
2024-09-09,Network activity,domain,cajqhxcwxbaap.biz,
2024-09-09,Network activity,domain,lbmuvpwgcmquc.org,
2024-09-09,Network activity,domain,wwfcogdgntlxw.biz,
2024-09-09,Network activity,domain,usyusdoctfpnee.org,
2024-09-09,Network activity,domain,swmbolrxyflhwm.biz,
2024-09-09,Network activity,domain,yebdbfsomgdbqu.biz,
2024-09-09,Network activity,domain,msncwipuqpxxoqa.org,
2024-09-09,Network activity,domain,dhjicdgfykqoq.org,
2024-09-09,Network activity,domain,pkakvsexbmxpwxw.org,
2024-09-09,Network activity,domain,ghvoersorwsrgef.org,
2024-09-09,Network activity,domain,wjbodchhlgidofm.org,
2024-09-09,Network activity,domain,bsngfunwcpkjt.org,
2024-09-09,Network activity,domain,tmphandchtcnffy.org,
2024-09-09,Network activity,domain,qnsoiclrikwj.org,
2024-09-09,Network activity,domain,agwwcjhinwyl.org,
2024-09-09,Network activity,domain,osmhvqijsiedt.org,
2024-09-09,Network activity,domain,nfnfskbniyajd.org,
2024-09-09,Network activity,domain,cmidahhutlcx.org,
2024-09-09,Network activity,domain,emttankkwhqsoe.org,
2024-09-09,Network activity,domain,ypxnqheckgjkbu.org,
2024-09-09,Network activity,domain,ormyfnlykajkdr.org,
2024-09-09,Network activity,domain,vsjotulrsjhyf.org,
2024-09-09,Network activity,domain,cpapfioutwypmh.org,
2024-09-09,Network activity,domain,kmjqcsfxnyeuo.org,
2024-09-09,Network activity,domain,xivexnrjahpfk.org,
2024-09-09,Network activity,domain,gavhopncgfmdq.org,
2024-09-09,Network activity,domain,ykmccdhpgavm.org,
2024-09-09,Network activity,domain,slbugcihgrgny.org,
2024-09-09,Network activity,domain,wpowcdntgoye.org,
2024-09-09,Network activity,domain,rkmmrxbpafgnplt.org,
2024-09-09,Network activity,domain,fpvpnoqmgntmc.org,
2024-09-09,Network activity,domain,ahqnsclgckkpho.org,
2024-09-09,Network activity,domain,mqagyenfbebsau.org,
2024-09-09,Network activity,domain,urkitujgkhsjl.org,
2024-09-09,Network activity,domain,kgvmmylyflrqml.org,
2024-09-09,Network activity,ip-dst,93.189.44.187,
2024-09-09,Network activity,ip-dst,81.177.170.166,
2024-09-09,Network activity,ip-dst,95.211.8.39,
2024-09-09,Network activity,ip-dst,188.93.210.164,
2024-09-09,Network activity,ip-dst,91.218.121.139,
2024-09-09,Network activity,ip-dst,173.246.105.23,
2024-09-09,Network activity,ip-dst,217.12.219.32,
2024-09-09,Network activity,ip-dst,109.120.150.95,
2024-09-09,Network activity,ip-dst,194.28.174.119,
2024-09-09,Network activity,ip-dst,91.203.145.13,
2024-09-09,Network activity,ip-dst,46.254.16.22,
2024-09-09,Network activity,ip-dst,91.234.33.198,
2024-09-09,Network activity,ip-dst,134.0.118.114,
2024-09-09,Network activity,ip-dst,91.226.213.198,
2024-09-09,Network activity,ip-dst,91.226.212.198,
2024-09-09,Network activity,ip-dst,176.123.0.54,
2024-09-09,Network activity,ip-dst,176.119.0.216,
2024-09-09,Network activity,ip-dst,188.65.211.137,
2024-09-09,Network activity,ip-dst,31.131.18.101,
2024-09-09,Network activity,ip-dst,185.22.64.72,
2024-09-09,Network activity,ip-dst,195.2.77.48,
2024-09-09,Network activity,ip-dst,188.190.101.82,
2024-09-09,Network activity,ip-dst,62.76.191.48,
2024-09-09,Network activity,ip-dst,95.59.26.43,
2024-09-09,Network activity,ip-dst,144.76.192.130,
2024-09-09,Network activity,ip-dst,46.149.111.28,
2024-09-09,Network activity,ip-dst,83.69.233.25,
2024-09-09,Network activity,ip-dst,91.213.233.189,
2024-09-09,Network activity,ip-dst,109.234.154.254,
2024-09-09,Payload delivery,md5,bc11c93f1b6dc74bf4804a35b34d9267,
2024-09-09,Payload delivery,sha256,a2bc3059283d7cc7bc574ce32cb6b8bfd27e02ac3810a21bd3a9b84c17f18a72,
2024-09-09,Payload delivery,md5,b17603f401719f1d99ad6472f8d6682a,
2024-09-09,Payload delivery,sha256,0be1f445537f124b5175e1f2d1da87e2e57aa4ba09ea5fe72b7bafaf0b8f9ad2,
2024-09-09,Payload delivery,md5,f1e2de2a9135138ef5b15093612dd813,
2024-09-09,Payload delivery,sha256,136e8991816b958bb76aaf22fefd18194cf78a80e95d572754f95e1f86149a65,
2024-09-09,Payload delivery,md5,a93d75cb6f72c1847c3f5afc9c94bbbb,
2024-09-09,Payload delivery,sha256,724799e37d6b47dc099caea7aabb0c1246a5041537d425601639d551e42bd425,
2024-09-09,Payload delivery,md5,df06f3263088fc9f7fde03fc8d2969fc,
2024-09-09,Payload delivery,sha256,39fd73f1d19201497233bbb320c1d7a63e33748c94d94653c3b5e64c0ef6b8b0,
2024-09-09,Payload delivery,md5,de400607d06b41a6f8b0935c3607541d,
2024-09-09,Payload delivery,sha256,9ec4697891cc6c9add803044a29bdd9d05701509b9eddc370d4caf00c15ef734,
2024-09-09,Payload delivery,md5,012d9088558072bc3103ab5da39ddd54,
2024-09-09,Payload delivery,sha256,0dd7f3dffe8c6e69df6137cb413ad25c474d73a86f1d46d52846990aa66e6f43,
2024-09-09,Payload delivery,md5,8acecb8a6ccec5631e990273ee1c96bb,
2024-09-09,Payload delivery,sha256,c5fdc30a67fbba53b710e6ff8d8e38ed4fb5e44eeced2efc370f906710602840,
2024-09-09,Payload delivery,md5,ccc9e5f7e53eaf6124df45bb14eccf8f,
2024-09-09,Payload delivery,sha256,d4adf29d2b50945896734bafb66ada120b53f5dd98f1a8ad3d30dcf69a98325e,
2024-09-09,Payload delivery,md5,16f0e31ac53b98411dd6719ff995872f,
2024-09-09,Payload delivery,sha256,3df9806a5cc986619f96755151cdbc23e1943280c1874c58b2758da2d7be6e64,
2024-09-09,Payload delivery,md5,04fb36199787f2e3e2135611a38321eb,
2024-09-09,Payload delivery,sha256,d765e722e295969c0a5c2d90f549db8b89ab617900bf4698db41c7cdad993bb9,
2024-09-09,Payload delivery,md5,57ae3d79ee697d2c382fdea56827e65f,
2024-09-09,Payload delivery,sha256,31327f225492ee58d7b47889e619d36cd380a908c1761fe376a185877f813894,
2024-09-09,Payload delivery,md5,180753f31b8295751aa3d5906a297511,
2024-09-09,Payload delivery,sha256,b264f35ff932fc5a100f7c2b4bd4888fe61db9878ef149279c3ad4bef2bdd8ed,
2024-09-09,Payload delivery,md5,551e4c94cd17860a7f49db5ec65ba58c,
2024-09-09,Payload delivery,sha256,d73d6964d2b1e3e466436fb981b6658d8e1fb5d0ddc43e7f24365cad2339842d,
2024-09-09,Payload delivery,md5,60ce367abdf38a35bb304253dd03da5d,
2024-09-09,Payload delivery,sha256,e0702fdeef58461133ef70efa25d258b1eaa089b26d57485106d0fea671e3afb,
2024-09-09,Payload delivery,md5,9cbb128e8211a7cd00729c159815cb1c,
2024-09-09,Payload delivery,sha256,bb12757c6a14207d8a9cd4d42ff93747795f8a09186752b1c94b5b373abbaf11,
2024-09-09,Payload delivery,md5,d2b1dc9cae99cd4c511a0df9af948639,
2024-09-09,Payload delivery,sha256,e38edbea38a47560bff7f48e23ba9eb7c872e180f16abb3482c021cac3cbfaed,
2024-09-09,Payload delivery,md5,04fc7ffc8439e27a51b5241e8bd00e75,
2024-09-09,Payload delivery,sha256,8bfe5d3d7e089cecb0238da7ae7d456702508003a91a417e5069b86592bc03e8,
2024-09-09,Payload delivery,md5,374f74def24ea6afad4e5f4b15dcd263,
2024-09-09,Payload delivery,sha256,f2181881d6ab133323dba5fecbf0cc4236f794ed1261406712b13307e98b90a1,
2024-09-09,Payload delivery,md5,444c339f422420bc317711dac06f3545,
2024-09-09,Payload delivery,sha256,cb7ce90b9de59004b2177e7a912c324ef4cec0262e181c83fff866113356e607,
2024-09-09,Payload delivery,md5,fec5a0d4dea87955c124f2eaa1f759f5,
2024-09-09,Payload delivery,sha256,4f3220da017e7be3e0b168a958134aae6dc96458cb12118e849465e2af752629,
2024-09-09,Payload delivery,md5,a5d1e987629cf939121f3bfb202c7d6a,
2024-09-09,Payload delivery,sha256,cc4350d0919d192bdad9ae262fc524d9d230b11dfc8d3c5886147caa0fdda465,
2024-09-09,Payload delivery,md5,0204332754da5975b6947294b2d64c92,
2024-09-09,Payload delivery,sha256,2163570f047cefc466c0ca370e56b6fbb770c4f71603b2353c1b6fd8e482ced8,
2024-09-09,Payload delivery,md5,7ea2c970326af64b1b196c4dd12e61dc,
2024-09-09,Payload delivery,sha256,651f451aaf9a9694884322d91a225294af145006219c346d1a9b50a2d92db6d9,
2024-09-09,Payload delivery,md5,e1f6706fe8bdd3c63fc15cdfe3fdf723,
2024-09-09,Payload delivery,sha256,826fb87209f4538ff9a0d11c8a21d6df738956ab7ba8d6965cb8f46021013ae4,
2024-09-09,Payload delivery,md5,1eac61ee26db9242ba47437a027c47d4,
2024-09-09,Payload delivery,sha256,876511719fda2fab0438ad29f9cc2f8fd684c1897a88d433f7e9c3f2e85eac0b,
2024-09-09,Payload delivery,md5,0a6bd33f3d37809e92f272eaf304eab3,
2024-09-09,Payload delivery,sha256,58def7649806f63ce1dbd9d886ce200716209240b90b57dccf3941012c438784,
2024-09-09,Payload delivery,md5,e9cd494b249cea7b968fa89f1e7d40de,
2024-09-09,Payload delivery,sha256,76487462acfa06bc90bda7d72bee7f88ea2e70d838a50d9012362958ad93f02a,
2024-09-09,Payload delivery,md5,31a09770fea2d2ad58709b9a2f0e78c1,
2024-09-09,Payload delivery,sha256,931708bffa6eed76585c166a080ea6b544f32951cb5dbc2d2065088ee9ebad95,
2024-09-09,Payload delivery,md5,a8e0d4771c1f71709ddb63d9a75dc895,
2024-09-09,Payload delivery,sha256,b3530b7519660996d28eb31a8d5b585ec60601843c77dd9f2b712812c99843e4,
2024-09-09,Payload delivery,md5,dae2d96628ff94e65a35ae9a929ad7ba,
2024-09-09,Payload delivery,sha256,21c7a8f2ffdd80834fb9b82df5c02748ca08c48583b903d584c124b916d17a37,
2024-09-09,Payload delivery,md5,bbb445901d3ec280951ac12132afd87c,
2024-09-09,Payload delivery,sha256,ed95b1a888710f3ca4acacb49250fb6c21722e2882e31784bd2049d15f97d4de,
2024-09-09,Payload delivery,md5,62808c6de7ee1e9bb3e1aedf543a5549,
2024-09-09,Payload delivery,sha256,2f89ebdcc33bc0ec253e9d1bb9a5b252cc8dc0e90b78d7c464a487dab3b387a6,
2024-09-09,Payload delivery,md5,53a93128e59385dba9301a2a3d636899,
2024-09-09,Payload delivery,sha256,7925550392f06655abbc9ed66fa37e1754bf6612439cc7a6332db28fd8878b42,
2024-09-09,Payload delivery,md5,4cd6c47bfdfd5f3b6aba203326f9c615,
2024-09-09,Payload delivery,sha256,f26bc4c0e23430c444214bd32e5ae0dacee93c4409fa574e91f4204e691c5799,
2024-09-09,Payload delivery,md5,354f7ec15741db7fcdfe7b158c14dfaa,
2024-09-09,Payload delivery,sha256,6af16a07d19bcb99eed8b440d7a110ee1bad1dd95eaeda2302c423ab9a5a146c,
2024-09-09,Payload delivery,md5,9acf753845e32f40631a51fa53746766,
2024-09-09,Payload delivery,sha256,433717fd1916ba3ae569d9334c400ac8740fe7870e05bf57d2b05fd4023b2451,
2024-09-09,Payload delivery,md5,9605ca26b5f27f04c7a91fda86b3c489,
2024-09-09,Payload delivery,sha256,003c64fa11ea18a00c3e0bf2adf1a2b80287fb072d1f8108d1d55cbda17e60cb,
2024-09-09,Payload delivery,md5,aa6425695964d9c39a6adce54899abf3,
2024-09-09,Payload delivery,sha256,b2e6ba8776232da078e4d7648525b5dc97e70744ffbcae871048306f7fe9aba1,
2024-09-09,Payload delivery,md5,d81a9ebae58461f13404e4434be9a567,
2024-09-09,Payload delivery,sha256,c37dd01eaac834a0f2618e54e3f67b03484b3e36d491011334f3646b66fe0e56,
2024-09-09,Payload delivery,md5,2dfddacd5394e6994067c06075353c1b,
2024-09-09,Payload delivery,sha256,36ec7a5bcdd2685af78cdef08687584192545348355a6510132644541f4c4749,
2024-09-09,Payload delivery,md5,038e049f03ee9e2e0f424a3848d0acbb,
2024-09-09,Payload delivery,sha256,2ff9b57a16c7da6699be588b6239296576b6b5805db7a27e5f2dec243e0da75b,
2024-09-09,Payload delivery,md5,e0863465caf7d670a3385614290f27b2,
2024-09-09,Payload delivery,sha256,684051fd30d38f3d03c65e80087183ea1cbe1fc8f5dc03ebf7269498e9bffb98,
2024-09-09,Payload delivery,md5,cbd77dca77917bc800a8438b3e82f7e2,
2024-09-09,Payload delivery,sha256,44f62555fdfd1067de4ef55a8deb916e24832a80a28b91ba59b0aad527b565a4,
2024-09-09,Payload delivery,md5,5df84af6d39442e1b72dcc62f64e6cd0,
2024-09-09,Payload delivery,sha256,9f6443788563472c0280ad5b16ae7c1a918f1f2ce6e44d4d1a09a87a1f3412a8,
2024-09-09,Payload delivery,md5,81c8c8ccf5c493863832d5813d6036f4,
2024-09-09,Payload delivery,sha256,248e0103a5027800d92d517d4d6721c4b6dc0b533ee22f8452c79d5f48128fdc,
2024-09-09,Payload delivery,md5,8bcc561ef4d0ceaed3cdc3ae0c77575a,
2024-09-09,Payload delivery,sha256,1dec40385522800dfed483b645da71c1ee3afbbdec27e567662972d59c5cbf25,
2024-09-09,Payload delivery,md5,05a70f12f819c746bdc23791bc821346,
2024-09-09,Payload delivery,sha256,201131fb20d85b71765e5634821a2b35303643212c36023843485c56f47ac400,
2024-09-09,Payload delivery,md5,ab789367cc97965b7c4024040ff8a5f8,
2024-09-09,Payload delivery,sha256,cc4c212dcfe4bf82e60eaa0d220444f0f6dbf22c5f7a79be83fe28f2f00b89b5,
2024-09-09,Payload delivery,md5,4c23cabcb529721e349568581f730586,
2024-09-09,Payload delivery,sha256,2bff9d483420df2f41c7eba232c6d90853df6acfe9f9b163af5d3495ea082229,
2024-09-09,Payload delivery,md5,7c68b89340b21aed5a708cc9e9c3b392,
2024-09-09,Payload delivery,sha256,d4062e34b2ebd654b3dca215ec740c6f1a305ea567f6d65ddee58f540ec5beea,
2024-09-09,Payload delivery,md5,66e6f022ac8f3cdce9128aa0c5bbbbd2,
2024-09-09,Payload delivery,sha256,530fe2e0f839c4b601627a1100e38708ff95a69d8382b11cefce45149c30ddef,
2024-09-09,Payload delivery,md5,58e947d184f23bd86fba141fe64f5fc2,
2024-09-09,Payload delivery,sha256,59f0e747d6241c1013526c7e76ecd95ab2a22aaced595cd65c5ef3955a63bf92,
2024-09-09,Payload delivery,md5,758ed8f5044feeb7caeed96cfa4a929b,
2024-09-09,Payload delivery,sha256,3e42ded1cd2447b921b41afa53f36bf645a21193ed24e3adeaef1a7217210545,
2024-09-09,Payload delivery,md5,0a92daa19f2cc77a21cdbf8db6d8bb68,
2024-09-09,Payload delivery,sha256,ab097e8b19ec166a2ff65d10ab06a8d572216cee2b0c44ebe183a8cb60b2bae7,
2024-09-09,Payload delivery,md5,504beaa3730a60f65a4c55c5d0fd0f8d,
2024-09-09,Payload delivery,sha256,b1ea7524a80b9740df7e51c1010ba1a04f11c15d6392f5054dc40c8952290474,
2024-09-09,Payload delivery,md5,f549afdef741a0d6b2090c1192ab7a6c,
2024-09-09,Payload delivery,sha256,602da3639eeb39cdbc657aa5e75eba74735314e8a54727697abcd3884c8b6d8c,
2024-09-09,Payload delivery,md5,804cab7d5c46d27529b2af821d16564b,
2024-09-09,Payload delivery,sha256,c820fc37abaf946804b09033f51216a28cdefe17020722d2fc2f1f74b4963ef5,
2024-09-09,Payload delivery,md5,07b04f23fa69d5043cc9b082430cacc4,
2024-09-09,Payload delivery,sha256,683b7b2abf9dc1e9fdf04e33570f5d8bfbb465dac613570200c2ec92201cc85d,
2024-09-09,Payload delivery,md5,80dd41609ba3c3a43babe9fbd5d7480e,
2024-09-09,Payload delivery,sha256,04d2326212724fdfa41c8e7ee64e32b60ba5e058e54d3fa0cf756b1378e948b9,
2024-09-09,Payload delivery,md5,0e0e9422103858d89f4b49d66f32e29a,
2024-09-09,Payload delivery,sha256,9f8db7e1320389297c451ca762edc8b8c990cab86f1c976b63e8312408e2a554,
2024-09-09,Payload delivery,md5,7991ecbd1e532f67c2e9139097eb41f4,
2024-09-09,Payload delivery,sha256,821bb1dcc6c7c529f3865f7c3e3b45ef058e32723d8300adea743d39864b3d9c,
2024-09-09,Payload delivery,md5,7f9c454a2e016e533e181d53eba113bc,
2024-09-09,Payload delivery,sha256,c7dc529d8aae76b4e797e4e9e3ea7cd69669e6c3bb3f94d80f1974d1b9f69378,
2024-09-09,Payload delivery,md5,879a7a2069bd5764704c72c3ee974cd8,
2024-09-09,Payload delivery,sha256,b24ea7ef47994c2ee340e1bc971eaa9e1992f0d2aaece99f3a9381655509047b,
2024-09-09,Payload delivery,md5,69d514f0609e232044794a84f4dd51d9,
2024-09-09,Payload delivery,sha256,23c41bbb1055ba7b15dcb1d1ba9bf426ef73f57641b47865c656b9338181e67b,
2024-09-09,Payload delivery,md5,d6443e691b7608eae245943e3535fc25,
2024-09-09,Payload delivery,sha256,4287592dc66083613b642bd04b1c8c49df56edc7691d79de0bca645d3af0d5c3,
2024-09-09,Payload delivery,md5,7a502a032b0e56e2190752e50102c8cf,
2024-09-09,Payload delivery,sha256,7ff292c689c421394483c7bc4c0b6620b8cedd4fd70f8f8ef1f4fa334d418be8,
2024-09-09,Payload delivery,md5,7f3cc059ffc6c11fe42695e5f19553ab,
2024-09-09,Payload delivery,sha256,b4c05e0e065058ae79d3ce9d51a470946aae036d2b163f85adcef10a6343246a,
2024-09-09,Payload delivery,md5,5f876124a2f53c93eff9509d36a936b2,
2024-09-09,Payload delivery,sha256,e4febefe210e39c3570ac71e41b66557c257713d386acd7898af195a1bacf83d,
2024-09-09,Payload delivery,md5,1856df9370ada9569a1afb6b52863d6d,
2024-09-09,Payload delivery,sha256,77ea107525233afa3f43b8695b39bfc41919f026ab3526bb3b9841737bbb20c7,
2024-09-09,Payload delivery,md5,2a1609ef72f07abc97092cb456998e43,
2024-09-09,Payload delivery,sha256,038d31670f03d386e6f3affe331bf76cb894d695b0f9012d828db9413c223a07,
2024-09-09,Payload delivery,md5,2271eeaeeebfb638f74c5b60c32fc98b,
2024-09-09,Payload delivery,sha256,4da7781d443ffde85e0aaf3d6e8effb6fc8cdffeead56b5ba3183472c40bf6ff,
