+*-*-*-*-*-*-*-*-*-*-*-*-*-*-*-*-*-*-*-*-*-*-*-*-*-*-*-*-*-*-*-*-*-*-*-*-*-*-*-*-*-*-*-*-*-*-*-*-*-*-*-*-*-*-*-*-*-*-*-*-+
| IOCs Event ID: 214925
| Info: Open Directory Hosts KryptonC2
| Reference: https://172.19.111.72/events/view/214925
+*-*-*-*-*-*-*-*-*-*-*-*-*-*-*-*-*-*-*-*-*-*-*-*-*-*-*-*-*-*-*-*-*-*-*-*-*-*-*-*-*-*-*-*-*-*-*-*-*-*-*-*-*-*-*-*-*-*-*-*-+

Date,Category,Type,Value,Comment
2024-09-05,Network activity,ip-dst,89.22.236.120,
2024-09-05,Payload delivery,sha256,419685e23cc278d8391881c8aa79227e55e4ebb40a2dae48c820f4ed9550bb25,
2024-09-05,Payload delivery,sha256,7011bf19f2a85c487bf96ba07cca7c61f32e32212f0548c6b26e8d3410230632,
2024-09-05,Payload delivery,sha256,cb984b8581341a9df204bf5ee3ae626790eaa7fb8f2b78ffc4f99865713848af,
