+*-*-*-*-*-*-*-*-*-*-*-*-*-*-*-*-*-*-*-*-*-*-*-*-*-*-*-*-*-*-*-*-*-*-*-*-*-*-*-*-*-*-*-*-*-*-*-*-*-*-*-*-*-*-*-*-*-*-*-*-+
| IOCs Event ID: 217406
"| Info: Raspberry Robin, also known as the QNAP worm,mainly used as a loader for other malicious payloads and increasingly recognized as a significant distribution platform for various malware families"
| Reference: https://172.19.111.72/events/view/217406
+*-*-*-*-*-*-*-*-*-*-*-*-*-*-*-*-*-*-*-*-*-*-*-*-*-*-*-*-*-*-*-*-*-*-*-*-*-*-*-*-*-*-*-*-*-*-*-*-*-*-*-*-*-*-*-*-*-*-*-*-+

Date,Category,Type,Value,Comment
2024-09-23,Network activity,domain,qweastradoc.com,
2024-09-23,Network activity,domain,jirostrogud.com,
2024-09-23,Network activity,domain,ms-online-store.com,
2024-09-23,Network activity,domain,rprotecruuio.com,
2024-09-23,Network activity,domain,dremmfyttrred.com,
2024-09-23,Network activity,domain,nefosferta.com,
2024-09-23,Network activity,domain,secretsdump.py,
2024-09-23,Network activity,domain,fuanshizmo.com,
2024-09-23,Network activity,domain,midnigthwaall.com,
2024-09-23,Network activity,domain,ber6vjyb.com,
2024-09-23,Payload delivery,sha1,bb32c940f9ca06e7e8533b1d315545c3294ee1a0,
2024-09-23,Payload delivery,sha256,72813522a065e106ac10aa96e835c47aa9f34e981db20fa46a8f36c4543bb85d,
2024-09-23,Payload delivery,sha256,c3b3640ddf53b26f4ebd4eedf929540edb452c413ca54d0d21cc405c7263f490,
2024-09-23,Payload delivery,sha1,f05cf0b026b2716927dac8bcd26a2719ea328964,
2024-09-23,Payload delivery,sha256,b95a764820e918f42b664f3c9a96141e2d7d7d228da0edf151617fabdd9166cf,
2024-09-23,Payload delivery,sha1,77ad34334a370d85ca5e77436ed99f18b185eee3,
2024-09-23,Payload delivery,sha1,318fdfec4575d1530a41c80274aa8caae7b7f631,
2024-09-23,Payload delivery,md5,5da364a8efab6370a174736705645a52,
2024-09-23,Payload delivery,md5,dbecfe9d5421d319534e0bfa5a6ac162,
2024-09-23,Payload delivery,sha256,c042ad2947caf4449295a51f9d640d722b5a6ec6957523ebf68cddb87ef3545c,
2024-09-23,Payload delivery,sha1,62f5a16d1ef20064dd78f5d934c84d474aca8bbe,
2024-09-23,Payload delivery,md5,2be64efd0fa7739123b26e4b70e53c5c,
2024-09-23,Payload delivery,md5,d9daaa0df32b0bb01a09e500fc7f5881,
2024-09-23,Payload delivery,sha256,7c79ec3f5c1a280ffdf19d0000b4bfe458a3b9380c152c1e130a89de3fe04b63,
2024-09-23,Payload delivery,md5,8e2b823aac6c9e11fcabecb1d8c19adf,
2024-09-23,Payload delivery,sha256,c3743a8c944f5c9b17528418bf49b153b978946838f56e5fca0a3f6914bee887,
2024-09-23,Payload delivery,sha256,1ef8cdbd3773bd82e5be25d4ba61e5e59371c6331726842107c0f1eb7d4d1f49,
2024-09-23,Payload delivery,md5,5022a85b39a75ebe2bc0411d7b058b2e,
2024-09-23,Payload delivery,md5,6f5ea8383bc3bd07668a7d24fe9b0828,
2024-09-23,Payload delivery,sha256,7e39dcd15307e7de862b9b42bf556f2836bf7916faab0604a052c82c19e306ca,
2024-09-23,Payload delivery,sha1,b7bffdbbaf817d149bbd061070a2d171449afbfc,
2024-09-23,Payload delivery,md5,46fe07c07fd0f45ba45240ef9aae2a44,
2024-09-23,Payload delivery,sha1,edac3cf9533b6f7102f6324fadb437a0814cc680,
2024-09-23,Payload delivery,sha1,1dcd85f7364ea06cd595a86e3e9be48995d596e9,
2024-09-23,Payload delivery,md5,8a94163ddf956abd0ea92d89db0034e5,
2024-09-23,Payload delivery,md5,775fb391db27e299af08933917a3acda,
2024-09-23,Payload delivery,md5,f129c12b1bda7426f6b31682b42ee4b0,
2024-09-23,Payload delivery,sha1,792623e143ddd49c36f6868e948febb0c9e19cd3,
2024-09-23,Payload delivery,sha256,092910024190a2521f21658be849c4ac9ae6fa4d5f2ecd44c9055cc353a26875,
2024-09-23,Payload delivery,sha256,97bae3587f1d2fd35f24eb214b9dd6eed95744bed62468d998c7ef55ff8726d4,
2024-09-23,Payload delivery,md5,4f3916e7714f2a32402c9d0b328a2c91,
2024-09-23,Payload delivery,sha256,c0f8aeeb2d11c6e751ee87c40ee609aceb1c1036706a5af0d3d78738b6cc4125,
2024-09-23,Payload delivery,md5,e9115cc3280c16f9019e0054e059f4b8,
2024-09-23,Payload delivery,sha256,1a5fcb209b5af4c620453a70653263109716f277150f0d389810df85ec0beac1,
2024-09-23,Payload delivery,sha1,77360abc473dc65c8bdd73b6459b9ea8fddb6f1d,
2024-09-23,Payload delivery,md5,587acecdb9491e0897d1067eb02e7c8d,
2024-09-23,Payload delivery,sha1,a9040ac0e9f482454e040e2a7d874ddc50e6f6ce,
2024-09-23,Payload delivery,sha256,55d1480cd023b74f10692c689b56e7fd6cc8139fb6322762181daead55a62b9e,
2024-09-23,Payload delivery,md5,89c8afc5bbd34f160d8a2b7218b9ca4a,
2024-09-23,Payload delivery,sha1,516051b4cab1be74d32a6c446eabac7fc354904f,
2024-09-23,Payload delivery,sha256,80b9c5ec798e7bbd71bbdfffab11653f36a7a30e51de3a72c5213eafe65965d9,
2024-09-23,Payload delivery,md5,82d4025b84cf569ec82d21918d641540,
2024-09-23,Payload delivery,sha1,f9cb839adba612db5884e1378474996b4436c0cd,
2024-09-23,Payload delivery,sha1,9e7a2464f53ce74d840eb84077472bc29fd1ba05,
2024-09-23,Payload delivery,md5,d9d85bdb6a3ac60a8ba6776c661dbace,
2024-09-23,Payload delivery,sha1,b918f97c7c6ebc9594de3c8f2d9d75ecc292d02b,
2024-09-23,Payload delivery,md5,acac995cee8a6a75fa79eb41bdffa53f,
2024-09-23,Payload delivery,sha256,ff8c8c8bfba5f2ba2f8003255949678df209dbff95e16f2f3c338cfa0fd1b885,
2024-09-23,Payload delivery,md5,6a2f114a8995dbeb91f766ac2390086e,
2024-09-23,Payload delivery,sha256,6b646641c823414c2ee30ae8b91be3421e4f13fa98e2d99272956e61eecfc5a1,
2024-09-23,Payload delivery,md5,8f924f3cbe5d8fe3ecb7293478901f1a,
2024-09-23,Payload delivery,sha1,16ecf30ff8c7887037a17a3eaffcb17145b69160,
2024-09-23,Payload delivery,sha1,f24232330e6f428bfbb6b9d8154db1c4046c2fc2,
2024-09-23,Payload delivery,sha1,78e38e522b1765efb15d0585e13c1f1301e90788,
2024-09-23,Payload delivery,sha256,c9b874d54c18e895face055eeb6faa2da7965a336d70303d0bd6047bec27a29d,
2024-09-23,Payload delivery,sha256,a30e1f87b78d1cd529fbe2afdd679c8241d3baab175b2f083740263911a85304,
2024-09-23,Payload delivery,sha1,87a692e3592f7b997c7d962919e243b665f2be36,
2024-09-23,Payload delivery,sha256,7a64bc69b60e3cd3fd00d4424b411394465640f499e56563447fe70579ccdd00,
2024-09-23,Payload delivery,sha1,aa56f43e39d114235a6b1d5f66b593cc80325fa4,
2024-09-23,Payload delivery,sha256,2d50b03a92445ba53ae147d0b97c494858c86a56fe037c44bc0edabb902420f7,
2024-09-23,Payload delivery,sha1,5bb804153029c97fe23517ae5428a591c3c63f28,
2024-09-23,Payload delivery,sha256,c6c4f690f0d15b96034b4258bdfaf797432a3ec4f73fbc920384d27903143cb0,
2024-09-23,Payload delivery,sha1,d8bd44b7a8f136e29b31226f4edf566a4223266c,
2024-09-23,Payload delivery,md5,c87fb9b9f6c343670bed605420583418,
2024-09-23,Payload delivery,sha256,5cc8c9f2c9cee543ebac306951e30e63eff3ee103c62dadcd2ce43ef68bc7487,
2024-09-23,Payload delivery,md5,f68aa4c92dd30bd5418f136aaf6c07d6,
2024-09-23,Payload delivery,sha256,68a86858b4638b43d63e8e2aaec15a9ebd8fc14d460dd74463db42e59c4c6f89,
2024-09-23,Payload delivery,sha1,44090a7858eceb28bc111e1edd2f0dc98047afb2,
2024-09-23,Payload delivery,sha256,ed38c454575879c2546e5fccace0b16a701c403dfe3c3833730d23b32e41f2fe,
2024-09-23,Payload delivery,md5,b7fed593e8eb3646f876367b56725e6c,
2024-09-23,Payload delivery,md5,20643549f19bed9a6853810262622755,
2024-09-23,Payload delivery,md5,6164e9d297d29aa8682971259da06848,
2024-09-23,Payload delivery,sha1,96b95edc1a917912a3181d5105fd5bfad1344de0,
2024-09-23,Payload delivery,sha256,717beedcd2431785a0f59d194e47970e9544fbf398d462a305f6ad9a1b1100cb,
2024-09-23,Payload delivery,sha256,f9f649cb5de27f720d58aa44aec6d0419e3e89f453730e155067506ad3ece638,
2024-09-23,Payload delivery,md5,ac6a2f1eafaae9f6598390d1017dd76c,
2024-09-23,Payload delivery,sha1,1c637c2ded5d3a13fd9b56c35acf4443f308be52,
2024-09-23,Payload delivery,sha256,21122891977d9296eea86a8a292b2ba7677766a2085566a6e93ecf60f0ac6ee5,
2024-09-23,Payload delivery,sha1,03916123864aa034f7ca3b9d45b2e39b5c91c502,
2024-09-23,Payload delivery,md5,338476c2b0de4ee2f3e402f3495d0578,
2024-09-23,Payload delivery,sha256,a67df0a8b32bdc5f9d224db118b3153f66518737e702314873b673c914b2bb5c,
2024-09-23,Payload delivery,md5,e8f0d33109448f877a0e532b1a27131a,
2024-09-23,Payload delivery,sha1,c69f080180430ebf15f984be14fb4c76471cd476,
2024-09-23,Payload delivery,sha256,e0178ab0893a4f25c68ded11e74ad90403443e413413501d138e0b08a910471e,
2024-09-23,Payload delivery,md5,64b27d2a6a55768506a5658a31c045de,
2024-09-23,Payload delivery,sha256,1789ba9965adc0c51752e81016aec5749377ec86ec9a30449b52b1a5857424bf,
2024-09-23,Payload delivery,sha256,0e3a14638456f4451fe8d76fdc04e591fba942c2f16da31857ca66293a58a4c3,
2024-09-23,Payload delivery,md5,ee1ccb6a0e38bf95e44b73c3c46268c5,
2024-09-23,Payload delivery,md5,36057710279d9f0d023cb5613aa76d5e,
2024-09-23,Payload delivery,md5,0bae65245e5423147fce079de29b6136,
2024-09-23,Payload delivery,md5,37e6904d84153d1435407f4669135134,
2024-09-23,Payload delivery,sha1,e4dd1f8fc4e44c8fd0e25242d994c4b59eed6939,
2024-09-23,Payload delivery,sha1,a9eb1ac4b85d17da3a2bae5835c7e862d481c189,
2024-09-23,Payload delivery,sha256,bf3c7f0ba324c96c9a9bff6cf21650a4b78edbc0076c68a9a125ebcba0e523c9,
2024-09-23,Payload delivery,sha256,6210a9f5a5e1dc27e68ecd61c092d2667609e318a95b5dade3c28f5634a89727,
2024-09-23,Payload delivery,sha1,971a00a392b99f64a3886f40b6ef991e62f0fe2f,
2024-09-23,Payload delivery,sha256,97d0844ce9928e32b11706e06bf2c4426204d998cb39964dd3c3de6c5223fff0,
2024-09-23,Payload delivery,sha256,22e3f4602a258e92a0b8deb5a2bd69c67f4ac3ca67362a745178848a9da7a3cc,
2024-09-23,Payload delivery,sha1,dad01b0c745649c6c8b87dbeb7ab549ed039515d,
2024-09-23,Payload delivery,md5,f4045710c99d347fe6dfa2c0fcadde29,
2024-09-23,Payload delivery,sha1,eaaa5e68956a3a3f6113e965199f479e10ae9956,
2024-09-23,Payload delivery,md5,e9299fc9b7daa0742c28bfc4b03b7b25,
2024-09-23,Payload delivery,sha256,32ae88cddeeeec255d6d9c827f6bffc7a95e9ea7b83a84a79ff793735a4b4ed7,
2024-09-23,Payload delivery,sha256,7c607eca4005ba6415e09135ef38033bb0b0e0ff3e46d60253fc420af7519347,
2024-09-23,Payload delivery,md5,b54cc9a3dd88e478ea601dfd5b36805e,
2024-09-23,Payload delivery,sha1,c8227dcc1cd6ecc684de8c5ea9b16e3b35f613f1,
2024-09-23,Payload delivery,sha256,7d75244449fb5c25d8f196a43a6eb9e453652b2185392376e7d44c21bd8431e7,
2024-09-23,Payload delivery,sha256,fafe11f23567080fb14cfd3b51cb440b9c097804569402d720fd32dd66059830,
2024-09-23,Payload delivery,sha256,1d2c8db9ac6082f32e9178469c2c416e5e170095d7f84a771dbb91192c681598,
2024-09-23,Payload delivery,sha256,ac7d57c011c1bf1b3158a64d4c91e1d5c54e8d05cdeb9d1fadcbb0c4d5103428,
2024-09-23,Payload delivery,sha1,a89c097138e5aab1f35b9a03900600057d907690,
2024-09-23,Payload delivery,md5,9a3bad7d8516216695887acc9668cda1,
2024-09-23,Payload delivery,sha256,4862618fcf15ba4ad15df35a8dcb0bdb79647b455fea6c6937c7d050815494b0,
2024-09-23,Payload delivery,sha1,afda13d5365b290f7cdea701d00d05b0c60916f8,
2024-09-23,Payload delivery,sha256,47f962063b42de277cd8d22550ae47b1787a39aa6f537c5408a59b5b76ed0464,
2024-09-23,Payload delivery,md5,e4a42cbda39a20134d6edcf9f03c44ed,
2024-09-23,Payload delivery,sha1,06057d773ad04fda177f6b0f6698ddaa47f7168a,
2024-09-23,Payload delivery,sha256,d5bbcaa0c3eeea17f12a5cc3dbcaffff423d00562acb694561841bcfe984a3b7,
2024-09-23,Payload delivery,sha256,6fb0ad3f756b5d1f871cf34c3e4ea47cb34643cd17709a09c25076c400313adf,
2024-09-23,Payload delivery,md5,aa949d1a7ebe5f878023c6cfb446e29b,
2024-09-23,Payload delivery,sha256,594ade1fb42e93e64afc96f13824b3dbd942a2cdbc877a7006c248a38425bbc1,
2024-09-23,Payload delivery,md5,881485ac77859cf5aaa8e0d64fbafc5f,
2024-09-23,Payload delivery,sha256,36d89f0455c95f9b00a8cea843003d0b53c4e33431fe57b5e6ec14a6c2e00e99,
2024-09-23,Payload delivery,sha1,51be660a3bdaab6843676e9d3b2af8444e88bbda,
2024-09-23,Payload delivery,md5,65fb9572171b903aa31a325f550d8778,
2024-09-23,Payload delivery,sha256,5c15151a29fab8a2d58fa55aa6c88a58a456b0a6bc959b843e9ceb2295c61885,
2024-09-23,Payload delivery,sha256,b11805162d3ae3d3c6635c240d004d1fe942a9cde25fb701c92a8e135d37d100,
2024-09-23,Payload delivery,sha256,fe746402c74ac329231ae1b5dffa8229b509f4c15a0f5085617f14f0c1579040,
2024-09-23,Payload delivery,sha1,abc96032071adeb6217f0a5ba1aff55dc11f5438,
2024-09-23,Payload delivery,sha256,09247f88d47b69e8d50f0fe4c10c7f0ecc95c979a38c2f7dfee4aec3679b5807,
2024-09-23,Payload delivery,sha256,f0115a8c173d30369acc86cb8c68d870c8cf8a2b0b74d72f9dbba30d80f05614,
2024-09-23,Payload delivery,sha256,909426776b62a4461b7a92372971fb3c5fc3222acd303506a763aa1d314a1573,
2024-09-23,Payload delivery,sha256,cea528052dc6137b9ec1f2b03342921894fd0bb3b21209320bfdcb4ff7d27fb8,
2024-09-23,Payload delivery,sha256,e118042c448de6933f9e39157a96f6160d720504e1a0ca7c1f1ad2a59b1fdb7b,
2024-09-23,Network activity,ip-dst,92.118.36.213,
2024-09-23,Network activity,ip-dst,45.182.189.71,
2024-09-23,Network activity,ip-dst,193.3.19.173,
2024-09-23,Network activity,ip-dst,92.118.36.252,
2024-09-23,Network activity,ip-dst,45.182.189.91,
2024-09-23,Network activity,ip-dst,88.214.27.101,
2024-09-23,Network activity,ip-dst,172.64.155.188,
2024-09-23,Network activity,ip-dst,94.142.138.61,
2024-09-23,Network activity,ip-dst,45.182.189.228,
2024-09-23,Network activity,ip-dst,179.60.150.139,
