+*-*-*-*-*-*-*-*-*-*-*-*-*-*-*-*-*-*-*-*-*-*-*-*-*-*-*-*-*-*-*-*-*-*-*-*-*-*-*-*-*-*-*-*-*-*-*-*-*-*-*-*-*-*-*-*-*-*-*-*-+
| IOCs Event ID: 214391
| Info: Threat Actors Abuse Exposed MS SQL Server to Deliver Files Leading to Mallox Ransomware Infection
| Reference: https://172.19.111.72/events/view/214391
+*-*-*-*-*-*-*-*-*-*-*-*-*-*-*-*-*-*-*-*-*-*-*-*-*-*-*-*-*-*-*-*-*-*-*-*-*-*-*-*-*-*-*-*-*-*-*-*-*-*-*-*-*-*-*-*-*-*-*-*-+

Date,Category,Type,Value,Comment
2024-09-03,Payload delivery,filename,6PYADPZW.exe,
2024-09-03,Payload delivery,md5,ccf817dcd04c768f8d2def4e4e393375,
2024-09-03,Payload delivery,sha256,c5d11d6d9036a7a500242fb080f5a1600cba4c4a639d516ee7b1a6b7e185e0db,
2024-09-03,Payload delivery,filename,8UDR7AZ1.exe,
2024-09-03,Payload delivery,md5,9d1a08093886cb0b887bec36c3876a9d,
2024-09-03,Payload delivery,sha256,7162415a7e65c042589e67ad9246d0dca89447693b4e92d0f4beca011e1ad4c4,
2024-09-03,Payload delivery,filename,GYIUCWUH.exe,
2024-09-03,Payload delivery,md5,e359ec4832daa9c0d5868ffa1d58e9bd,
2024-09-03,Payload delivery,sha256,ae2030f9b43c5bb039b219327391fda049be38fe092df02f3bbc1832f25a764c,
2024-09-03,Payload delivery,filename,KRIYTA2E.exe,
2024-09-03,Payload delivery,md5,00db5602ec3b7ebd4299064aedd21733,
2024-09-03,Payload delivery,sha256,89302b545705212059fb591aeea54b1de8f63f0b7fa2b83e16ac7be94421cefa,
2024-09-03,Payload delivery,filename,SHH8A94U.exe,
2024-09-03,Payload delivery,md5,c1dfc103a9d04db26640cd1a461702ae,
2024-09-03,Payload delivery,sha256,eb2e795dd56f6ed38b964d6a2d75cbe0c05c4ad8e66786cdbe6ac51c1582499a,
2024-09-03,Payload delivery,filename,VFUJTG9Q.exe,
2024-09-03,Payload delivery,md5,fb9bd9ed8e1fb782123a9614d7d46483,
2024-09-03,Payload delivery,sha256,e657103f40f61395147f31baaca9ada6efb8bfa3da83c078557e3494c2755503,
2024-09-03,Payload delivery,filename,XQL3KQIJ.exe,
2024-09-03,Payload delivery,md5,1f83080a421c95234b8a54a95e507447,
2024-09-03,Payload delivery,sha256,972430371601ec17396e7bc7c62d3838cc95bec62bfed893a61919ac411b2bf2,
2024-09-03,Payload delivery,filename,Kill$-Arab.bat,
2024-09-03,Payload delivery,md5,b57545cb36ef6a19fdde4b2208ebb225,
2024-09-03,Payload delivery,sha256,445d709ea4ae38706a0cc47ffc6c100fb9a354ff1ac718d0c23415524bdfc895,
2024-09-03,Payload delivery,filename,Kill-Delete.bat,
2024-09-03,Payload delivery,md5,1726416850d3bba46eeb804fae57083d,
2024-09-03,Payload delivery,sha256,c207a7a561ab726fb272b5abd99c4da8e927b5da788210d5dd186023c2783990,
2024-09-03,Payload delivery,md5,e98b3a8d2179e0bd0bebba42735d11b7,
2024-09-03,Payload delivery,sha256,e92f5d73a8cb1aa132602d3f35f2c2005deba64df99dcfff4e2219819ab3fffd,
2024-09-03,Network activity,ip-dst,80.66.76.30,
2024-09-03,Network activity,ip-dst,80.66.75.44,
2024-09-03,Network activity,ip-dst,91.215.85.142,
2024-09-03,Payload delivery,sha256,6c743c890151d0719150246382b5e0158e8abc4a29dd4b2f049ce7d313b1a330,
2024-09-03,Payload delivery,sha256,df30d74ab6600c1532a14c53a7f08f1afd41ec63cf427a4b91b99c3c2524caba,
2024-09-03,Payload delivery,sha256,df29d5c4a750663440ce76d6804ce88e03faeef9591ec0b3b9ca348a6c930b7f,
2024-09-03,Payload delivery,sha256,a340ef5adb00a2bf1a0735600491ca98ac8045b57db892dedc27575a53b25056,
2024-09-03,Payload delivery,sha256,186abb7d786ce7f21e4e23af2581d052b6787b5c99fdea4e740fed221433b277,
2024-09-03,Payload delivery,sha256,c09936f39188511ae2a855ec5dcb74c0970f88249cc4402ce3e2672cff4144b3,
2024-09-03,Payload delivery,sha256,45a236e7aa80515aafb6c656c758faad6e77fb435b35bfa407aef3918212078d,
2024-09-03,Payload delivery,sha256,e5711e041c2dc4e78f1bc5808441863b7a777ecfbdace4943202224c7fec778f,
2024-09-03,Payload delivery,sha256,3496b6b45631550e0e27bf37da9e170bee3d0423365fb99e3f644a266c126c44,
2024-09-03,Payload delivery,sha256,6a207be6807f1ea51f0bdeeb89e3ea4f0560f48f9b7ed3ed4ea68a212e2714ca,
2024-09-03,Payload delivery,sha256,eb7480822f32679a558f8ea2b0a09ba7531003ea4c2644d6e7804478add7bddc,
2024-09-03,Payload delivery,sha256,daf2b66a2a795c09a18efac97a9a2131a6b1fd4e46a1a9df1372089dba2c88f0,
2024-09-03,Payload delivery,sha256,7b6d71a2330ee5ab5b64ee9b6d01f0789e0e97696407c12ad7c60c4b6f1e70fa,
2024-09-03,Payload delivery,sha256,32e214baf2ebb523692647a0a2cec76d3104a0f56b511c34f01a959bee0e4ce5,
2024-09-03,Payload delivery,sha256,2289706f678585059502a24283e0f55d56cf477524753c606f64825bba66fca8,
2024-09-03,Payload delivery,sha256,8eb32de1ec33ffaf2add6719d3bbc2576bc468086252c12efd8b5dcc5e44699f,
2024-09-03,Payload delivery,sha256,2249b76a9326209a165cef9d04ad89582811842bcc2b22dd4aca7dd0663f5e52,
2024-09-03,Payload delivery,sha256,fdfad320b77c94d91123a7bb8f1efdf9f835b0c1fd093fa8ead23bfbc8ce04e2,
