+*-*-*-*-*-*-*-*-*-*-*-*-*-*-*-*-*-*-*-*-*-*-*-*-*-*-*-*-*-*-*-*-*-*-*-*-*-*-*-*-*-*-*-*-*-*-*-*-*-*-*-*-*-*-*-*-*-*-*-*-+
| IOCs Event ID: 217436
| Info: Update Sep 2024 Mallox ransomware Linux variant based on leaked Kryptina code
| Reference: https://172.19.111.72/events/view/217436
+*-*-*-*-*-*-*-*-*-*-*-*-*-*-*-*-*-*-*-*-*-*-*-*-*-*-*-*-*-*-*-*-*-*-*-*-*-*-*-*-*-*-*-*-*-*-*-*-*-*-*-*-*-*-*-*-*-*-*-*-+

Date,Category,Type,Value,Comment
2024-09-26,Payload delivery,sha1,0b9d2895d29f7d553e5613266c2319e10afdda78,
2024-09-26,Payload delivery,sha1,0de92527430dc0794694787678294509964422e6,
2024-09-26,Payload delivery,sha1,0e83d023b9f6c34ab029206f1f11b3457171a30a,
2024-09-26,Payload delivery,sha1,0f1aea2cf0c9f2de55d2b920618a5948c5e5e119,
2024-09-26,Payload delivery,sha1,0f632f8e59b8c8b99241d0fd5ff802f31a3650cd,
2024-09-26,Payload delivery,sha1,1379a1b08f938f9a53082150d53efadb2ad37ae5,
2024-09-26,Payload delivery,sha1,21bacf8daa45717e87a39842ec33ad61d9d79cfe,
2024-09-26,Payload delivery,sha1,262497702d6b7f7d4af73a90cb7d0e930f9ec355,
2024-09-26,Payload delivery,sha1,29936b1aa952a89905bf0f7b7053515fd72d8c5c,
2024-09-26,Payload delivery,sha1,2b3fc20c4521848f33edcf55ed3d508811c42861,
2024-09-26,Payload delivery,sha1,341552a8650d2bdad5f3ec12e333e3153172ee66,
2024-09-26,Payload delivery,sha1,43377911601247920dc15e9b22eda4c57cb9e743,
2024-09-26,Payload delivery,sha1,58552820ba2271e5c3a76b30bd3a07144232b9b3,
2024-09-26,Payload delivery,sha1,5cf67c0a1fa06101232437bee5111fefcd8e2df4,
2024-09-26,Payload delivery,sha1,88a039be03abc7305db724079e1a85810088f900,
2024-09-26,Payload delivery,sha1,9050419cbecc88be7a06ea823e270db16f47c1ea,
2024-09-26,Payload delivery,sha1,93ef3578f9c3db304a979b0d9d36234396ec6ac9,
2024-09-26,Payload delivery,sha1,a1a8922702ffa8c74aba9782cca90c939dfb15bf,
2024-09-26,Payload delivery,sha1,b07c725edb65a879d392cd961b4cb6a876e40e2d,
2024-09-26,Payload delivery,sha1,b27d291596cc890d283e0d3a3e08907c47e3d1cc,
2024-09-26,Payload delivery,sha1,b768ba3e6e03a77004539ae999bb2ae7b1f12c62,
2024-09-26,Payload delivery,sha1,c20e8d536804cf97584eec93d9a89c09541155bc,
2024-09-26,Payload delivery,sha1,c4d988135e960e88e7acfae79a45c20e100984b6,
2024-09-26,Payload delivery,sha1,d46fbc4a57dce813574ee312001eaad0aa4e52de,
2024-09-26,Payload delivery,sha1,d618a9655985c33e69a4713ebe39d473a4d58cde,
2024-09-26,Payload delivery,sha1,dc3f98dded6c1f1e363db6752c512e01ac9433f3,
2024-09-26,Payload delivery,sha1,ee3cd3a749f5146cf6d4b36ee87913c51b9bfe93,
2024-09-26,Payload delivery,sha1,ef2565c789316612d8103056cec25f77674d78d1,
2024-09-26,Payload delivery,sha1,f17d9b3cd2ba1dea125d2e1a4aeafc6d4d8f12dc,
2024-09-26,Network activity,ip-dst,185.73.125.6,
2024-09-26,Network activity,hostname,grovik71.theweb.place,
2024-09-26,Financial fraud,btc,18CUq89XR81Y7Ju2UBjER14fYWTfVwpGP3,
