+*-*-*-*-*-*-*-*-*-*-*-*-*-*-*-*-*-*-*-*-*-*-*-*-*-*-*-*-*-*-*-*-*-*-*-*-*-*-*-*-*-*-*-*-*-*-*-*-*-*-*-*-*-*-*-*-*-*-*-*-+
| IOCs Event ID: 216385
| Info: WannaCry Ransomware Attack - Global Impact on Microsoft Windows Systems
| Reference: https://172.19.111.72/events/view/216385
+*-*-*-*-*-*-*-*-*-*-*-*-*-*-*-*-*-*-*-*-*-*-*-*-*-*-*-*-*-*-*-*-*-*-*-*-*-*-*-*-*-*-*-*-*-*-*-*-*-*-*-*-*-*-*-*-*-*-*-*-+

Date,Category,Type,Value,Comment
2024-09-09,Payload delivery,md5,4fef5e34143e646dbf9907c4374276f5,
2024-09-09,Payload delivery,md5,5bef35496fcbdbe841c82f4d1ab8b7c2,
2024-09-09,Payload delivery,md5,775a0631fb8229b2aa3d7621427085ad,
2024-09-09,Payload delivery,md5,7bf2b57f2a205768755c07f238fb32cc,
2024-09-09,Payload delivery,md5,7f7ccaa16fb15eb1c7399d422f8363e8,
2024-09-09,Payload delivery,md5,8495400f199ac77853c53b5a3f278f3e,
2024-09-09,Payload delivery,md5,84c82835a5d21bbcf75a61706d8ab549,
2024-09-09,Payload delivery,md5,86721e64ffbd69aa6944b9672bcabb6d,
2024-09-09,Payload delivery,md5,8dd63adb68ef053e044a5a2f46e0d2cd,
2024-09-09,Payload delivery,md5,b0ad5902366f860f85b892867e5b1e87,
2024-09-09,Payload delivery,md5,d6114ba5f10ad67a4131ab72531f02da,
2024-09-09,Payload delivery,md5,db349b97c37d22f5ea1d1841e3c89eb4,
2024-09-09,Payload delivery,md5,e372d07207b4da75b3434584cd9f3450,
2024-09-09,Payload delivery,md5,f529f4556a5126bba499c26d67892240,
